rouge-l-avg	meteor-avg	rouge-l-max	meteor-max	bert-max
0.09485618745556737	0.09383597796276667	0.3999999950000001	0.31250000000000006	0.38506096601486206
0.12072687976304426	0.11183360287924393	0.31111110666666675	0.35714285714285715	0.3914288282394409
0.12979230423892268	0.1146403184292958	0.34374999500000003	0.31250000000000006	0.3314368426799774
0.12986653706053264	0.11547860488411592	0.2711864357138754	0.35714285714285715	0.3714197278022766
0.11923414310394861	0.11255483965543672	0.35999999564800006	0.33333333333333337	0.40564078092575073
0.15680211510894493	0.14073037381459633	0.4137930984720571	0.35714285714285715	0.525210440158844
0.0923873892986232	0.1428105047574567	0.26923076497041426	0.3846153846153847	0.29072824120521545
0.13405663714331315	0.14073037381459633	0.39999999500800004	0.35714285714285715	0.4457334876060486
0.09087941538428304	0.12885788495771414	0.21052631084487544	0.33333333333333337	0.2873792052268982
